protein,short_name,bias_type,alpha_val,param_value,n_samples,ess_min,ess_mean,ess_final,rmsd_mean,plddt_mean,coverage,elapsed_sec
P62593,TEM-1,none,0.0,0.0,50,50.0,50.0,50.0,13.217925071716309,0.5030555129051208,nan,176.79663681983948
P61586,RhoA,none,0.0,0.0,50,50.0,50.0,50.0,5.410908222198486,0.6420144438743591,1.0,114.51482653617859
P79345,NPC2,none,0.0,0.0,50,50.0,50.0,50.0,6.992291450500488,0.605270504951477,0.1076923076923077,84.17587041854858
P9WPY3,AroK,none,0.0,0.0,50,50.0,50.0,50.0,9.752684593200684,0.673614501953125,0.13253012048192772,111.52885437011719
Q02763,Tie-2,none,0.0,0.0,50,50.0,50.0,50.0,20.68316078186035,0.3805745244026184,0.0,213.7569408416748
