timestep,point,ci_lower,ci_upper,point_all,ci_lower_all,ci_upper_all
0.1,0.029355937824832676,-0.044625925425654356,0.10186187120483242,-0.06579140039386805,-0.08715562653520355,-0.041939071751409325
0.3,-0.008400963320591516,-0.06603229092885372,0.044302386285854235,-0.058224267272307166,-0.07539770469574797,-0.04154590831053152
0.5,-0.02768739333948904,-0.05478609277707641,-0.0003750741313302124,-0.07353680555014665,-0.10170993627433648,-0.049456297972252046
0.7,0.010052195111728432,-0.06643912651895038,0.07988278855192052,-0.04737438884782346,-0.07430951431605415,-0.020998220651967808
0.9,0.002825433599020031,-0.056805939795522634,0.057463055836949974,-0.05039077110617621,-0.08966747458360584,-0.01811047083747785
