timestep,point,ci_lower,ci_upper,point_all,ci_lower_all,ci_upper_all
0.1,0.3599119433673492,0.2391764206344277,0.48603919067079016,0.37254397583137266,0.25586958125908504,0.49579708934949007
0.3,0.3862483863947499,0.2958319759905867,0.4699183577822917,0.37002051849172674,0.2530197199324013,0.496730874155844
0.5,0.3118537976419875,0.22260549094242868,0.39924587670743633,0.31830573753836544,0.19365577897221098,0.43785795922616866
0.7,0.2625723685043643,0.16497786130600492,0.35862372136822634,0.26028150668015726,0.15522650033788732,0.37072263004785944
0.9,0.2609261116298443,0.15181465435540525,0.36280544313513624,0.24846599099794967,0.1437709660675372,0.3648015691856503
